time_instant,frame_number,object_number,x,y,z
2022-01-21 15:17:41.250882,1,1,-0.09889311343431473,0.031588926911354065,0.018697205930948257
2022-01-21 15:17:41.250882,1,2,0.07911449670791626,0.04497702047228813,-0.05334095656871796
2022-01-21 15:17:41.250882,1,3,0.3406318724155426,0.9330334663391113,0.44896137714385986
2022-01-21 15:17:41.250882,1,4,0.8779511451721191,0.8308871984481812,1.1269254684448242
2022-01-21 15:17:41.250882,1,5,1.774582028388977,1.2614623308181763,2.0475146770477295
2022-01-21 15:17:41.250882,1,6,-1.1801245212554932,3.92364764213562,4.7777299880981445
2022-01-21 15:17:41.250882,1,7,-0.4263392388820648,5.149242877960205,4.453696250915527
2022-01-21 15:17:41.250882,1,8,2.571220874786377,5.4412617683410645,5.610699653625488
2022-01-21 15:17:41.361475,2,1,-0.09559667855501175,0.0386539064347744,0.022236112505197525
2022-01-21 15:17:41.361475,2,2,0.07911449670791626,0.044997550547122955,-0.053323641419410706
2022-01-21 15:17:41.361475,2,3,0.3406318724155426,0.9411002397537231,0.4317963719367981
2022-01-21 15:17:41.361475,2,4,0.8779511451721191,0.8497283458709717,1.1127876043319702
2022-01-21 15:17:41.361475,2,5,1.5383373498916626,0.4148767590522766,1.1569958925247192
2022-01-21 15:17:41.361475,2,6,0.7384019494056702,1.7890948057174683,-0.36214137077331543
2022-01-21 15:17:41.361475,2,7,1.6811829805374146,1.4560885429382324,1.9965407848358154
2022-01-21 15:17:41.361475,2,8,-1.1801245212554932,3.924206495285034,4.777270793914795
2022-01-21 15:17:41.361475,2,9,-0.4263392388820648,5.121450901031494,4.485627174377441
2022-01-21 15:17:41.361475,2,10,2.571220874786377,5.549280643463135,5.5038862228393555
2022-01-21 15:17:41.455757,3,1,-0.09559667855501175,0.038642752915620804,0.022255491465330124
2022-01-21 15:17:41.455757,3,2,0.07911449670791626,0.04500509053468704,-0.05331727862358093
2022-01-21 15:17:41.455757,3,3,0.3406318724155426,0.9383948445320129,0.4376447796821594
2022-01-21 15:17:41.455757,3,4,0.6768684387207031,1.8341525793075562,0.23447300493717194
2022-01-21 15:17:41.455757,3,5,1.6811829805374146,1.4353065490722656,2.011532783508301
2022-01-21 15:17:41.455757,3,6,-1.1801245212554932,3.9421491622924805,4.762475490570068
2022-01-21 15:17:41.455757,3,7,-0.4263392388820648,5.235450744628906,4.352030277252197
2022-01-21 15:17:41.455757,3,8,2.571220874786377,5.431175708770752,5.620463848114014
2022-01-21 15:17:41.554891,4,1,-0.09889311343431473,0.03157898411154747,0.018713993951678276
2022-01-21 15:17:41.554891,4,2,0.07911449670791626,0.04500298947095871,-0.053319051861763
2022-01-21 15:17:41.554891,4,3,0.3406318724155426,0.9365630745887756,0.4415511190891266
2022-01-21 15:17:41.554891,4,4,1.5383373498916626,0.33582890033721924,1.1823625564575195
2022-01-21 15:17:41.554891,4,5,0.6768684387207031,1.8452905416488647,0.11830513924360275
2022-01-21 15:17:41.554891,4,6,1.6811829805374146,1.4071223735809326,2.03134822845459
2022-01-21 15:17:41.554891,4,7,-1.1801245212554932,3.925004005432129,4.776615619659424
2022-01-21 15:17:41.554891,4,8,-0.4263392388820648,5.232464790344238,4.35561990737915
2022-01-21 15:17:41.554891,4,9,2.571220874786377,5.475070476531982,5.5777130126953125
2022-01-21 15:17:41.666390,5,1,-0.09559667855501175,0.038652900606393814,0.022237861528992653
2022-01-21 15:17:41.666390,5,2,0.07911449670791626,0.044968146830797195,-0.053348440676927567
2022-01-21 15:17:41.666390,5,3,0.3406318724155426,0.9385663270950317,0.4372769594192505
2022-01-21 15:17:41.666390,5,4,1.6811829805374146,1.391355037689209,2.042180299758911
2022-01-21 15:17:41.666390,5,5,-1.1801245212554932,3.9003257751464844,4.796787738800049
2022-01-21 15:17:41.666390,5,6,-0.4263392388820648,5.16677713394165,4.433342456817627
2022-01-21 15:17:41.666390,5,7,2.571220874786377,5.387018203735352,5.6628007888793945
2022-01-21 15:17:41.750731,6,1,-0.09559667855501175,0.03864138945937157,0.022257855162024498
2022-01-21 15:17:41.750731,6,2,0.07911449670791626,0.044974714517593384,-0.05334290489554405
2022-01-21 15:17:41.750731,6,3,0.3406318724155426,0.9401053190231323,0.4339583218097687
2022-01-21 15:17:41.750731,6,4,0.8779511451721191,0.8624415397644043,1.1029638051986694
2022-01-21 15:17:41.750731,6,5,1.5383373498916626,0.4110102951526642,1.1583750247955322
2022-01-21 15:17:41.750731,6,6,0.7384019494056702,1.8099716901779175,-0.2366621196269989
2022-01-21 15:17:41.750731,6,7,1.6811829805374146,1.458164095878601,1.995025396347046
2022-01-21 15:17:41.750731,6,8,-1.1801245212554932,3.914158821105957,4.785506725311279
2022-01-21 15:17:41.750731,6,9,-0.4263392388820648,5.106681823730469,4.502434253692627
2022-01-21 15:17:41.750731,6,10,2.571220874786377,5.5095014572143555,5.543705940246582
2022-01-21 15:17:41.861660,7,1,-0.09559667855501175,0.0386500358581543,0.022242840379476547
2022-01-21 15:17:41.861660,7,2,0.07911449670791626,0.044971294701099396,-0.05334578454494476
2022-01-21 15:17:41.861660,7,3,0.3406318724155426,0.9399203658103943,0.4343588054180145
2022-01-21 15:17:41.861660,7,4,1.628440022468567,0.5466281771659851,1.0326346158981323
2022-01-21 15:17:41.861660,7,5,1.6811829805374146,1.4700123071670532,1.9863113164901733
2022-01-21 15:17:41.861660,7,6,-1.1801245212554932,3.9591708183288574,4.7483344078063965
2022-01-21 15:17:41.861660,7,7,-0.4263392388820648,5.121168613433838,4.485949993133545
2022-01-21 15:17:41.861660,7,8,2.571220874786377,5.396602153778076,5.653668403625488
2022-01-21 15:17:41.957649,8,1,-0.09559667855501175,0.03863471746444702,0.022269437089562416
2022-01-21 15:17:41.957649,8,2,0.07911449670791626,0.044999100267887115,-0.053322333842515945
2022-01-21 15:17:41.957649,8,3,0.3406318724155426,0.9369761347770691,0.4406738877296448
2022-01-21 15:17:41.957649,8,4,1.628440022468567,0.5521538257598877,1.0296906232833862
2022-01-21 15:17:41.957649,8,5,1.6811829805374146,1.468573808670044,1.9873751401901245
2022-01-21 15:17:41.957649,8,6,-1.1801245212554932,4.013126373291016,4.702821731567383
2022-01-21 15:17:41.957649,8,7,-0.4263392388820648,5.2090678215026855,4.383574485778809
2022-01-21 15:17:41.957649,8,8,2.571220874786377,5.439784049987793,5.612132549285889
2022-01-21 15:17:42.055776,9,1,-0.09559667855501175,0.03864695131778717,0.022248197346925735
2022-01-21 15:17:42.055776,9,2,0.07911449670791626,0.04500589519739151,-0.05331660062074661
2022-01-21 15:17:42.055776,9,3,0.3065686821937561,0.9587627053260803,0.41825544834136963
2022-01-21 15:17:42.055776,9,4,1.5998709201812744,0.11484059691429138,1.142133355140686
2022-01-21 15:17:42.055776,9,5,1.6811829805374146,1.4946861267089844,1.9678115844726562
2022-01-21 15:17:42.055776,9,6,-1.1801245212554932,4.118388652801514,4.610920429229736
2022-01-21 15:17:42.055776,9,7,-0.4263392388820648,5.235982418060303,4.351390361785889
2022-01-21 15:17:42.055776,9,8,2.571220874786377,5.342703342437744,5.704629898071289
2022-01-21 15:17:42.149822,10,1,-0.09559667855501175,0.03863367438316345,0.02227124758064747
2022-01-21 15:17:42.149822,10,2,0.07911449670791626,0.04496288299560547,-0.053352877497673035
2022-01-21 15:17:42.149822,10,3,0.3406318724155426,0.9351762533187866,0.44448086619377136
2022-01-21 15:17:42.149822,10,4,1.5658077001571655,0.6158408522605896,1.0890085697174072
2022-01-21 15:17:42.149822,10,5,1.6811829805374146,1.423597812652588,2.019836187362671
2022-01-21 15:17:42.149822,10,6,-1.1801245212554932,3.985180616378784,4.726526260375977
2022-01-21 15:17:42.149822,10,7,-0.4263392388820648,5.172590732574463,4.426558017730713
2022-01-21 15:17:42.149822,10,8,2.571220874786377,5.519771575927734,5.533480167388916
2022-01-21 15:17:42.261519,11,1,-0.09889311343431473,0.03156610578298569,0.01873571053147316
2022-01-21 15:17:42.261519,11,2,0.07911449670791626,0.04502458497881889,-0.05330081656575203
2022-01-21 15:17:42.261519,11,3,0.3406318724155426,0.9353438019752502,0.444128155708313
2022-01-21 15:17:42.261519,11,4,0.8779511451721191,0.8506630063056946,1.112073302268982
2022-01-21 15:17:42.261519,11,5,1.6811829805374146,1.40458345413208,2.033104658126831
2022-01-21 15:17:42.261519,11,6,-1.1801245212554932,3.8714139461517334,4.820152282714844
2022-01-21 15:17:42.261519,11,7,-0.4263392388820648,5.071682929992676,4.5418219566345215
2022-01-21 15:17:42.261519,11,8,2.571220874786377,5.450735569000244,5.601496696472168
2022-01-21 15:17:42.357531,12,1,-0.09559667855501175,0.03864425793290138,0.022252874448895454
2022-01-21 15:17:42.357531,12,2,0.07911449670791626,0.04498283937573433,-0.05333605408668518
2022-01-21 15:17:42.357531,12,3,0.3406318724155426,0.920756995677948,0.4736288785934448
2022-01-21 15:17:42.357531,12,4,1.6811829805374146,1.3459208011627197,2.0724058151245117
2022-01-21 15:17:42.357531,12,5,-1.1801245212554932,3.8679401874542236,4.822940349578857
2022-01-21 15:17:42.357531,12,6,-0.4263392388820648,5.065814971923828,4.548365592956543
2022-01-21 15:17:42.357531,12,7,2.571220874786377,5.564499855041504,5.488499164581299
2022-01-21 15:17:42.452521,13,1,-0.09559667855501175,0.03865165635943413,0.02224002406001091
2022-01-21 15:17:42.452521,13,2,0.07911449670791626,0.044967491179704666,-0.05334899201989174
2022-01-21 15:17:42.452521,13,3,0.3406318724155426,0.9284042716026306,0.45845749974250793
2022-01-21 15:17:42.452521,13,4,1.5658077001571655,0.5053050518035889,1.1444939374923706
2022-01-21 15:17:42.452521,13,5,1.774582028388977,1.187928318977356,2.0910356044769287
2022-01-21 15:17:42.452521,13,6,-1.1801245212554932,4.06320858001709,4.659619331359863
2022-01-21 15:17:42.452521,13,7,-0.4263392388820648,5.09466552734375,4.516026496887207
2022-01-21 15:17:42.452521,13,8,2.314098834991455,5.267515659332275,5.881894111633301
2022-01-21 15:17:42.550501,14,1,-0.09889311343431473,0.03158694878220558,0.018700551241636276
2022-01-21 15:17:42.550501,14,2,0.07911449670791626,0.044996101409196854,-0.0533248633146286
2022-01-21 15:17:42.550501,14,3,0.3406318724155426,0.9441946744918823,0.4249873161315918
2022-01-21 15:17:42.550501,14,4,0.8779511451721191,0.758455753326416,1.176893949508667
2022-01-21 15:17:42.550501,14,5,1.774582028388977,1.2678030729293823,2.0435945987701416
2022-01-21 15:17:42.550501,14,6,-1.1801245212554932,4.083407402038574,4.641928195953369
2022-01-21 15:17:42.550501,14,7,-0.4263392388820648,5.102155685424805,4.507562637329102
2022-01-21 15:17:42.550501,14,8,2.314098834991455,5.246546268463135,5.900606155395508
2022-01-21 15:17:42.664339,15,1,-0.09889311343431473,0.03158897906541824,0.018697118386626244
2022-01-21 15:17:42.664339,15,2,0.07911449670791626,0.04498610273003578,-0.05333330109715462
2022-01-21 15:17:42.664339,15,3,0.3746950626373291,0.923529863357544,0.4414115250110626
2022-01-21 15:17:42.664339,15,4,0.8779511451721191,0.814917266368866,1.138527274131775
2022-01-21 15:17:42.664339,15,5,1.774582028388977,1.2562106847763062,2.050740957260132
2022-01-21 15:17:42.664339,15,6,-1.1801245212554932,4.134088039398193,4.5968499183654785
2022-01-21 15:17:42.664339,15,7,-0.4263392388820648,5.06490421295166,4.549379825592041
2022-01-21 15:17:42.664339,15,8,2.314098834991455,5.2704758644104,5.879241943359375
2022-01-21 15:17:42.759007,16,1,-0.09889311343431473,0.031589239835739136,0.018696678802371025
2022-01-21 15:17:42.759007,16,2,0.07911449670791626,0.04498782008886337,-0.053331851959228516
2022-01-21 15:17:42.759007,16,3,0.3406318724155426,0.918319821357727,0.47833719849586487
2022-01-21 15:17:42.759007,16,4,-1.1383696794509888,1.421445608139038,1.8584799766540527
2022-01-21 15:17:42.759007,16,5,1.6811829805374146,1.3136987686157227,2.092979907989502
2022-01-21 15:17:42.759007,16,6,-1.1801245212554932,3.949399471282959,4.756464958190918
2022-01-21 15:17:42.759007,16,7,-0.4263392388820648,4.8865227699279785,4.74046516418457
2022-01-21 15:17:42.759007,16,8,2.571220874786377,5.458059310913086,5.5943603515625
2022-01-21 15:17:42.856421,17,1,-0.09889311343431473,0.03158419206738472,0.018705204129219055
2022-01-21 15:17:42.856421,17,2,0.07911449670791626,0.044995613396167755,-0.05332527682185173
2022-01-21 15:17:42.856421,17,3,0.03735962137579918,0.5934470295906067,-0.06111210584640503
2022-01-21 15:17:42.856421,17,4,0.3406318724155426,0.9218862056732178,0.47142720222473145
2022-01-21 15:17:42.856421,17,5,1.6811829805374146,1.2944384813308716,2.1049461364746094
2022-01-21 15:17:42.856421,17,6,-1.1801245212554932,4.020382404327393,4.696619987487793
2022-01-21 15:17:42.856421,17,7,-0.4263392388820648,4.837662696838379,4.790316581726074
2022-01-21 15:17:42.856421,17,8,2.571220874786377,5.423839569091797,5.6275434494018555
2022-01-21 15:17:42.952003,18,1,-0.09889311343431473,0.03158218041062355,0.018708599731326103
2022-01-21 15:17:42.952003,18,2,0.07911449670791626,0.044993095099925995,-0.053327400237321854
2022-01-21 15:17:42.952003,18,3,0.01867981068789959,0.5948430895805359,-0.05587990954518318
2022-01-21 15:17:42.952003,18,4,0.3065686821937561,0.94431471824646,0.44992583990097046
2022-01-21 15:17:42.952003,18,5,1.5658077001571655,0.5552821755409241,1.121098279953003
2022-01-21 15:17:42.952003,18,6,1.6811829805374146,1.415324330329895,2.025642156600952
2022-01-21 15:17:42.952003,18,7,-1.1801245212554932,4.1463446617126465,4.5857977867126465
2022-01-21 15:17:42.952003,18,8,-0.4263392388820648,4.884170055389404,4.742888927459717
2022-01-21 15:17:42.952003,18,9,2.314098834991455,5.507598876953125,5.657716751098633
2022-01-21 15:17:43.063738,19,1,-0.09889311343431473,0.03158951550722122,0.018696213141083717
2022-01-21 15:17:43.063738,19,2,0.07911449670791626,0.04497017711400986,-0.05334673076868057
2022-01-21 15:17:43.063738,19,3,0.2725054919719696,0.9509298801422119,0.4578437805175781
2022-01-21 15:17:43.063738,19,4,1.5658077001571655,0.4321189820766449,1.1740838289260864
2022-01-21 15:17:43.063738,19,5,1.587783932685852,1.5626507997512817,1.9924380779266357
2022-01-21 15:17:43.063738,19,6,-0.639508843421936,4.912951946258545,4.688903331756592
2022-01-21 15:17:43.063738,19,7,2.314098834991455,5.758048057556152,5.402618408203125
2022-01-21 15:17:43.159864,20,1,-0.09889311343431473,0.03160053864121437,0.01867757737636566
2022-01-21 15:17:43.159864,20,2,0.07911449670791626,0.044938355684280396,-0.053373537957668304
2022-01-21 15:17:43.159864,20,3,0.01867981068789959,0.5947405695915222,-0.05696086958050728
2022-01-21 15:17:43.159864,20,4,0.2725054919719696,0.9552306532859802,0.44880178570747375
2022-01-21 15:17:43.159864,20,5,1.587783932685852,1.507022500038147,2.034839153289795
2022-01-21 15:17:43.159864,20,6,-0.639508843421936,4.924688816070557,4.67657470703125
2022-01-21 15:17:43.159864,20,7,2.314098834991455,5.647975921630859,5.517587661743164
2022-01-21 15:17:43.256592,21,1,-0.09559667855501175,0.03863851726055145,0.022262847051024437
2022-01-21 15:17:43.256592,21,2,0.07911449670791626,0.04495435953140259,-0.05336005985736847
2022-01-21 15:17:43.256592,21,3,0.01867981068789959,0.5940998196601868,-0.0632949247956276
2022-01-21 15:17:43.256592,21,4,0.2725054919719696,0.9549965858459473,0.4492996335029602
2022-01-21 15:17:43.256592,21,5,1.5658077001571655,0.34043413400650024,1.2038705348968506
2022-01-21 15:17:43.256592,21,6,1.6811829805374146,1.4342290163040161,2.012301206588745
2022-01-21 15:17:43.256592,21,7,-0.639508843421936,4.751395225524902,4.852540969848633
2022-01-21 15:17:43.256592,21,8,2.314098834991455,5.611818313598633,5.55435848236084
2022-01-21 15:17:43.350919,22,1,-0.09889311343431473,0.03158235549926758,0.018708309158682823
2022-01-21 15:17:43.350919,22,2,0.07911449670791626,0.044975411146879196,-0.053342316299676895
2022-01-21 15:17:43.350919,22,3,0.01867981068789959,0.595362663269043,-0.050041284412145615
2022-01-21 15:17:43.350919,22,4,0.3065686821937561,0.9380083680152893,0.4629296660423279
2022-01-21 15:17:43.350919,22,5,1.5658077001571655,0.6098076701164246,1.0923984050750732
2022-01-21 15:17:43.350919,22,6,1.6811829805374146,1.3925108909606934,2.0413923263549805
2022-01-21 15:17:43.350919,22,7,-1.1801245212554932,4.17709493637085,4.55780553817749
2022-01-21 15:17:43.350919,22,8,-0.4263392388820648,4.780090808868408,4.847766876220703
2022-01-21 15:17:43.350919,22,9,2.314098834991455,5.443782806396484,5.719145774841309
2022-01-21 15:17:43.461767,23,1,-0.09559667855501175,0.038630127906799316,0.02227739617228508
2022-01-21 15:17:43.461767,23,2,0.07911449670791626,0.044949211180210114,-0.05336439609527588
2022-01-21 15:17:43.461767,23,3,0.01867981068789959,0.59296053647995,-0.073202945291996
2022-01-21 15:17:43.461767,23,4,0.3065686821937561,0.932344913482666,0.47423255443573
2022-01-21 15:17:43.461767,23,5,1.5383373498916626,0.4084448516368866,1.1592820882797241
2022-01-21 15:17:43.461767,23,6,0.6768684387207031,1.8475250005722046,0.07579424977302551
2022-01-21 15:17:43.461767,23,7,1.6811829805374146,1.3758704662322998,2.0526444911956787
2022-01-21 15:17:43.461767,23,8,-1.1801245212554932,4.093191146850586,4.633303165435791
2022-01-21 15:17:43.461767,23,9,-0.4263392388820648,4.82829475402832,4.799758434295654
2022-01-21 15:17:43.461767,23,10,2.314098834991455,5.436248779296875,5.7263078689575195
2022-01-21 15:17:43.575339,24,1,-0.09889311343431473,0.03157566115260124,0.01871960237622261
2022-01-21 15:17:43.575339,24,2,0.07911449670791626,0.044947147369384766,-0.05336613208055496
2022-01-21 15:17:43.575339,24,3,0.017580999061465263,0.5590385794639587,-0.0606340728700161
2022-01-21 15:17:43.575339,24,4,0.3065686821937561,0.9256775379180908,0.4871186912059784
2022-01-21 15:17:43.575339,24,5,1.6811829805374146,1.3164572715759277,2.0912458896636963
2022-01-21 15:17:43.575339,24,6,-1.1801245212554932,4.035533428192139,4.683608055114746
2022-01-21 15:17:43.575339,24,7,-0.639508843421936,4.678452968597412,4.9229044914245605
2022-01-21 15:17:43.575339,24,8,2.314098834991455,5.5342278480529785,5.63167142868042
2022-01-21 15:17:43.653893,25,1,-0.09559667855501175,0.038637544959783554,0.02226453274488449
2022-01-21 15:17:43.653893,25,2,0.07911449670791626,0.04493270814418793,-0.05337829142808914
2022-01-21 15:17:43.653893,25,3,0.3065686821937561,0.9401042461395264,0.4586584270000458
2022-01-21 15:17:43.653893,25,4,1.6811829805374146,1.3183566331863403,2.0900490283966064
2022-01-21 15:17:43.653893,25,5,-1.3768119812011719,3.8810040950775146,4.759895324707031
2022-01-21 15:17:43.653893,25,6,-0.639508843421936,4.622249603271484,4.975712776184082
2022-01-21 15:17:43.653893,25,7,2.314098834991455,5.491042613983154,5.673786640167236
2022-01-21 15:17:43.764535,26,1,-0.09559667855501175,0.03863149508833885,0.022275032475590706
2022-01-21 15:17:43.764535,26,2,0.07911449670791626,0.04493403434753418,-0.0533771738409996
2022-01-21 15:17:43.764535,26,3,0.3065686821937561,0.946918249130249,0.44442033767700195
2022-01-21 15:17:43.764535,26,4,1.5031753778457642,0.18784809112548828,1.3122996091842651
2022-01-21 15:17:43.764535,26,5,1.6811829805374146,1.2236840724945068,2.146850347518921
2022-01-21 15:17:43.764535,26,6,-0.639508843421936,4.533563613891602,5.056650161743164
2022-01-21 15:17:43.764535,26,7,2.314098834991455,5.416811466217041,5.7446980476379395
2022-01-21 15:17:43.859962,27,1,-0.09559667855501175,0.038627054542303085,0.02228272706270218
2022-01-21 15:17:43.859962,27,2,0.07911449670791626,0.0449359156191349,-0.05337559059262276
2022-01-21 15:17:43.859962,27,3,0.3065686821937561,0.9503190517425537,0.43710091710090637
2022-01-21 15:17:43.859962,27,4,1.5031753778457642,0.5101295113563538,1.223595142364502
2022-01-21 15:17:43.859962,27,5,1.6811829805374146,1.2452069520950317,2.1344387531280518
2022-01-21 15:17:43.859962,27,6,-0.639508843421936,4.579808235168457,5.014804840087891
2022-01-21 15:17:43.859962,27,7,2.314098834991455,5.416943550109863,5.744573593139648
2022-01-21 15:17:43.955253,28,1,-0.09889311343431473,0.031568560749292374,0.018731573596596718
2022-01-21 15:17:43.955253,28,2,0.07911449670791626,0.044948358088731766,-0.05336511507630348
2022-01-21 15:17:43.955253,28,3,0.2725054919719696,0.9326514601707458,0.49401402473449707
2022-01-21 15:17:43.955253,28,4,1.6811829805374146,1.3337392807006836,2.0802664756774902
2022-01-21 15:17:43.955253,28,5,-0.639508843421936,4.693212032318115,4.9088358879089355
2022-01-21 15:17:43.955253,28,6,2.314098834991455,5.603272438049316,5.562979698181152
2022-01-21 15:17:44.051244,29,1,-0.09559667855501175,0.03862805292010307,0.022280992940068245
2022-01-21 15:17:44.051244,29,2,0.07911449670791626,0.04490360990166664,-0.053402774035930634
2022-01-21 15:17:44.051244,29,3,0.2725054919719696,0.9633353352546692,0.43113061785697937
2022-01-21 15:17:44.051244,29,4,1.587783932685852,1.5903242826461792,1.9704201221466064
2022-01-21 15:17:44.051244,29,5,-0.639508843421936,4.938216209411621,4.662288188934326
2022-01-21 15:17:44.051244,29,6,2.314098834991455,5.813362121582031,5.343053340911865
2022-01-21 15:17:44.150061,30,1,-0.09559667855501175,0.038625217974185944,0.022285910323262215
2022-01-21 15:17:44.150061,30,2,0.07911449670791626,0.044942472130060196,-0.053370069712400436
2022-01-21 15:17:44.150061,30,3,0.2725054919719696,0.9964429140090942,0.34783637523651123
2022-01-21 15:17:44.150061,30,4,1.587783932685852,1.6092733144760132,1.9549747705459595
2022-01-21 15:17:44.150061,30,5,-0.639508843421936,5.023311614990234,4.570476055145264
2022-01-21 15:17:44.150061,30,6,2.056976795196533,5.620621681213379,5.645875453948975
2022-01-21 15:17:44.261662,31,1,-0.09889311343431473,0.03156070038676262,0.0187448151409626
2022-01-21 15:17:44.261662,31,2,0.07911449670791626,0.04491909593343735,-0.05338974669575691
2022-01-21 15:17:44.261662,31,3,0.2725054919719696,0.9947988390922546,0.35251089930534363
2022-01-21 15:17:44.261662,31,4,1.587783932685852,1.6258435249328613,1.941215991973877
2022-01-21 15:17:44.261662,31,5,-0.639508843421936,5.015330791473389,4.579232215881348
2022-01-21 15:17:44.261662,31,6,2.056976795196533,5.670502185821533,5.595775604248047
2022-01-21 15:17:44.350395,32,1,-0.09559667855501175,0.03862135112285614,0.022292612120509148
2022-01-21 15:17:44.350395,32,2,0.07911449670791626,0.04490067437291145,-0.053405240178108215
2022-01-21 15:17:44.350395,32,3,0.2725054919719696,0.9859720468521118,0.37649399042129517
2022-01-21 15:17:44.350395,32,4,1.587783932685852,1.5715198516845703,1.9854501485824585
2022-01-21 15:17:44.350395,32,5,-0.639508843421936,5.056779861450195,4.533418655395508
2022-01-21 15:17:44.350395,32,6,2.056976795196533,5.6355438232421875,5.630980968475342
2022-01-21 15:17:44.462629,33,1,-0.09559667855501175,0.038625530898571014,0.02228536829352379
2022-01-21 15:17:44.462629,33,2,0.07911449670791626,0.04492010921239853,-0.053388893604278564
2022-01-21 15:17:44.462629,33,3,1.587783932685852,1.3888797760009766,2.117238759994507
2022-01-21 15:17:44.462629,33,4,-0.639508843421936,4.960206985473633,4.638885498046875
2022-01-21 15:17:44.462629,33,5,2.056976795196533,5.4373979568481445,5.822542667388916
2022-01-21 15:17:44.573501,34,1,-0.09559667855501175,0.03863264620304108,0.022273031994700432
2022-01-21 15:17:44.573501,34,2,0.07911449670791626,0.044918619096279144,-0.053390149027109146
2022-01-21 15:17:44.573501,34,3,1.4768038988113403,0.47320398688316345,1.2134134769439697
2022-01-21 15:17:44.573501,34,4,1.587783932685852,1.4065806865692139,2.105520725250244
2022-01-21 15:17:44.573501,34,5,-0.639508843421936,4.938892364501953,4.661571502685547
2022-01-21 15:17:44.573501,34,6,2.056976795196533,5.369225025177002,5.885467052459717
2022-01-21 15:17:44.652784,35,1,-0.09559667855501175,0.038613930344581604,0.022305462509393692
2022-01-21 15:17:44.652784,35,2,0.07911449670791626,0.04493231698870659,-0.053378619253635406
2022-01-21 15:17:44.652784,35,3,1.5658077001571655,0.6441595554351807,1.0725008249282837
2022-01-21 15:17:44.652784,35,4,1.587783932685852,1.3663325309753418,2.1318588256835938
2022-01-21 15:17:44.652784,35,5,-0.639508843421936,4.944564342498779,4.655555248260498
2022-01-21 15:17:44.652784,35,6,2.056976795196533,5.258426189422607,5.984668254852295
2022-01-21 15:17:44.763956,36,1,-0.09559667855501175,0.038618866354227066,0.022296912968158722
2022-01-21 15:17:44.763956,36,2,0.07911449670791626,0.044921066612005234,-0.0533880889415741
2022-01-21 15:17:44.763956,36,3,1.5658077001571655,0.6276488304138184,1.0822460651397705
2022-01-21 15:17:44.763956,36,4,1.587783932685852,1.2793766260147095,2.185150384902954
2022-01-21 15:17:44.763956,36,5,-0.639508843421936,4.842865467071533,4.761256217956543
2022-01-21 15:17:44.763956,36,6,2.056976795196533,5.217735767364502,6.020177364349365
2022-01-21 15:17:44.859187,37,1,-0.09559667855501175,0.0386170968413353,0.022299980744719505
2022-01-21 15:17:44.859187,37,2,0.07911449670791626,0.044930797070264816,-0.05337990075349808
2022-01-21 15:17:44.859187,37,3,1.5658077001571655,0.6294572949409485,1.0811952352523804
2022-01-21 15:17:44.859187,37,4,1.587783932685852,1.4411402940750122,2.0820186138153076
2022-01-21 15:17:44.859187,37,5,-0.639508843421936,4.891907691955566,4.710854530334473
2022-01-21 15:17:44.859187,37,6,2.056976795196533,5.395866394042969,5.861051559448242
2022-01-21 15:17:44.955623,38,1,-0.09889311343431473,0.03157384321093559,0.018722670152783394
2022-01-21 15:17:44.955623,38,2,0.07911449670791626,0.044945985078811646,-0.05336711183190346
2022-01-21 15:17:44.955623,38,3,1.587783932685852,1.4206351041793823,2.0960636138916016
2022-01-21 15:17:44.955623,38,4,-0.639508843421936,4.835103511810303,4.769138813018799
2022-01-21 15:17:44.955623,38,5,2.056976795196533,5.527928829193115,5.736663341522217
2022-01-21 15:17:45.051300,39,1,-0.09559667855501175,0.03862244635820389,0.022290712222456932
2022-01-21 15:17:45.051300,39,2,0.07911449670791626,0.04492178559303284,-0.053387485444545746
2022-01-21 15:17:45.051300,39,3,1.5822899341583252,1.1899676322937012,0.7288720011711121
2022-01-21 15:17:45.051300,39,4,1.587783932685852,1.2749390602111816,2.1877424716949463
2022-01-21 15:17:45.051300,39,5,-0.639508843421936,4.81256103515625,4.7918853759765625
2022-01-21 15:17:45.051300,39,6,2.056976795196533,5.369691848754883,5.885041236877441
2022-01-21 15:17:45.153890,40,1,-0.09559667855501175,0.038616836071014404,0.02230043336749077
2022-01-21 15:17:45.153890,40,2,0.07911449670791626,0.044916197657585144,-0.053392186760902405
2022-01-21 15:17:45.153890,40,3,0.4175487160682678,0.37768271565437317,-0.35963451862335205
2022-01-21 15:17:45.153890,40,4,1.587783932685852,1.4489293098449707,2.0766055583953857
2022-01-21 15:17:45.153890,40,5,-0.639508843421936,4.90460205078125,4.697636604309082
2022-01-21 15:17:45.153890,40,6,2.056976795196533,5.689064025878906,5.576903343200684
2022-01-21 15:17:45.250751,41,1,-0.09559667855501175,0.03864331915974617,0.02225450985133648
2022-01-21 15:17:45.250751,41,2,0.07911449670791626,0.0449087955057621,-0.053398411720991135
2022-01-21 15:17:45.250751,41,3,0.0,0.5941017270088196,-0.06597703695297241
2022-01-21 15:17:45.250751,41,4,0.2725054919719696,0.9853255152702332,0.3781828284263611
2022-01-21 15:17:45.250751,41,5,1.587783932685852,1.5897098779678345,1.9709159135818481
2022-01-21 15:17:45.250751,41,6,-0.639508843421936,4.753283500671387,4.850691318511963
2022-01-21 15:17:45.250751,41,7,2.056976795196533,5.589042663574219,5.677138328552246
2022-01-21 15:17:45.362472,42,1,-0.09559667855501175,0.03863687068223953,0.02226570062339306
2022-01-21 15:17:45.362472,42,2,0.07911449670791626,0.04492378979921341,-0.05338579788804054
2022-01-21 15:17:45.362472,42,3,1.4768038988113403,0.38808929920196533,1.2432541847229004
2022-01-21 15:17:45.362472,42,4,1.587783932685852,1.4631259441375732,2.0666275024414062
2022-01-21 15:17:45.362472,42,5,-0.639508843421936,4.9254937171936035,4.675726890563965
2022-01-21 15:17:45.362472,42,6,2.056976795196533,5.72113561630249,5.543997764587402
2022-01-21 15:17:45.456636,43,1,-0.09559667855501175,0.03862593695521355,0.02228466421365738
2022-01-21 15:17:45.456636,43,2,0.07911449670791626,0.04489020258188248,-0.05341404303908348
2022-01-21 15:17:45.456636,43,3,0.2384423017501831,0.9504167437553406,0.4774946868419647
2022-01-21 15:17:45.456636,43,4,1.4768038988113403,0.6643790006637573,1.1202208995819092
2022-01-21 15:17:45.456636,43,5,1.587783932685852,1.5137356519699097,2.0298500061035156
2022-01-21 15:17:45.456636,43,6,-0.639508843421936,4.9058709144592285,4.696310997009277
2022-01-21 15:17:45.456636,43,7,2.056976795196533,5.773410320281982,5.489538669586182
2022-01-21 15:17:45.551228,44,1,-0.09559667855501175,0.03862369433045387,0.022288549691438675
2022-01-21 15:17:45.551228,44,2,0.07911449670791626,0.04491368681192398,-0.05339429900050163
2022-01-21 15:17:45.551228,44,3,0.2384423017501831,0.9502353072166443,0.4778556525707245
2022-01-21 15:17:45.551228,44,4,1.5658077001571655,0.5947650671005249,1.100660800933838
2022-01-21 15:17:45.551228,44,5,1.587783932685852,1.5314922332763672,2.016486644744873
2022-01-21 15:17:45.551228,44,6,-0.639508843421936,4.7657036781311035,4.838489532470703
2022-01-21 15:17:45.551228,44,7,2.314098834991455,5.6907501220703125,5.4734601974487305
2022-01-21 15:17:45.663512,45,1,-0.09889311343431473,0.031564097851514816,0.018739093095064163
2022-01-21 15:17:45.663512,45,2,0.07911449670791626,0.044927552342414856,-0.05338263139128685
2022-01-21 15:17:45.663512,45,3,0.2384423017501831,0.935246467590332,0.5065640807151794
2022-01-21 15:17:45.663512,45,4,1.5383373498916626,0.6634485721588135,1.03469717502594
2022-01-21 15:17:45.663512,45,5,1.587783932685852,1.4947829246520996,2.04384708404541
2022-01-21 15:17:45.663512,45,6,-0.639508843421936,4.698024272918701,4.90423059463501
2022-01-21 15:17:45.663512,45,7,2.314098834991455,5.773928165435791,5.385643482208252
2022-01-21 15:17:45.760155,46,1,-0.09559667855501175,0.038628969341516495,0.02227940782904625
2022-01-21 15:17:45.760155,46,2,0.07911449670791626,0.04489413648843765,-0.05341073498129845
2022-01-21 15:17:45.760155,46,3,0.2725054919719696,0.9285240173339844,0.5017287731170654
2022-01-21 15:17:45.760155,46,4,1.5383373498916626,0.16644912958145142,1.2178082466125488
2022-01-21 15:17:45.760155,46,5,1.587783932685852,1.4757088422775269,2.057661294937134
2022-01-21 15:17:45.760155,46,6,-0.639508843421936,4.865630149841309,4.737990379333496
2022-01-21 15:17:45.760155,46,7,2.314098834991455,5.91143798828125,5.234338760375977
2022-01-21 15:17:45.855498,47,1,-0.09559667855501175,0.038629259914159775,0.022278904914855957
2022-01-21 15:17:45.855498,47,2,0.07911449670791626,0.044904086738824844,-0.0534023717045784
2022-01-21 15:17:45.855498,47,3,0.2725054919719696,0.9332116842269897,0.49295496940612793
2022-01-21 15:17:45.855498,47,4,1.587783932685852,1.495909571647644,2.043022632598877
2022-01-21 15:17:45.855498,47,5,-0.639508843421936,4.730274200439453,4.87313175201416
2022-01-21 15:17:45.855498,47,6,2.314098834991455,5.741929531097412,5.419745922088623
2022-01-21 15:17:45.951817,48,1,-0.09559667855501175,0.03863483667373657,0.0222692359238863
2022-01-21 15:17:45.951817,48,2,0.07911449670791626,0.044885966926813126,-0.05341760069131851
2022-01-21 15:17:45.951817,48,3,0.2725054919719696,0.9391053915023804,0.4816322922706604
2022-01-21 15:17:45.951817,48,4,1.587783932685852,1.4673914909362793,2.063601016998291
2022-01-21 15:17:45.951817,48,5,-1.3768119812011719,3.9490325450897217,4.703608989715576
2022-01-21 15:17:45.951817,48,6,-0.639508843421936,4.700348377227783,4.902003288269043
2022-01-21 15:17:45.951817,48,7,2.314098834991455,5.60911226272583,5.557091236114502
2022-01-21 15:17:46.064896,49,1,-0.09559667855501175,0.03862638771533966,0.022283885627985
2022-01-21 15:17:46.064896,49,2,0.07911449670791626,0.04492272809147835,-0.05338669195771217
2022-01-21 15:17:46.064896,49,3,0.3065686821937561,0.9331258535385132,0.4726940095424652
2022-01-21 15:17:46.064896,49,4,1.5031753778457642,0.5188623070716858,1.21991765499115
2022-01-21 15:17:46.064896,49,5,1.6811829805374146,1.334564447402954,2.0797371864318848
2022-01-21 15:17:46.064896,49,6,-0.639508843421936,4.719345569610596,4.883716583251953
2022-01-21 15:17:46.064896,49,7,2.314098834991455,5.6054816246032715,5.560753345489502
2022-01-21 15:17:46.160024,50,1,-0.09559667855501175,0.03861849755048752,0.022297553718090057
2022-01-21 15:17:46.160024,50,2,0.07911449670791626,0.04490109160542488,-0.05340489000082016
2022-01-21 15:17:46.160024,50,3,0.3065686821937561,0.9453719854354858,0.44770005345344543
2022-01-21 15:17:46.160024,50,4,1.5031753778457642,0.457829087972641,1.2441099882125854
2022-01-21 15:17:46.160024,50,5,1.587783932685852,1.4434460401535034,2.080420732498169
2022-01-21 15:17:46.160024,50,6,-0.639508843421936,4.748745441436768,4.855134010314941
2022-01-21 15:17:46.160024,50,7,2.056976795196533,5.520035266876221,5.744258880615234
2022-01-21 15:17:46.254480,51,1,-0.09889311343431473,0.031569916754961014,0.018729284405708313
2022-01-21 15:17:46.254480,51,2,0.07911449670791626,0.04494747519493103,-0.053365856409072876
2022-01-21 15:17:46.254480,51,3,0.2725054919719696,0.9746295213699341,0.404951810836792
2022-01-21 15:17:46.254480,51,4,1.5031753778457642,0.325564444065094,1.2850778102874756
2022-01-21 15:17:46.254480,51,5,1.587783932685852,1.4254939556121826,2.0927622318267822
2022-01-21 15:17:46.254480,51,6,-0.639508843421936,4.806789398193359,4.797674655914307
2022-01-21 15:17:46.254480,51,7,2.056976795196533,5.587385177612305,5.678770065307617
2022-01-21 15:17:46.352259,52,1,-0.09559667855501175,0.038620494306087494,0.022294094786047935
2022-01-21 15:17:46.352259,52,2,0.07911449670791626,0.04491458088159561,-0.05339354649186134
2022-01-21 15:17:46.352259,52,3,0.3065686821937561,0.9563249349594116,0.42379963397979736
2022-01-21 15:17:46.352259,52,4,1.5658077001571655,0.08501283824443817,1.2481876611709595
2022-01-21 15:17:46.352259,52,5,1.587783932685852,1.4702767133712769,2.0615463256835938
2022-01-21 15:17:46.352259,52,6,-0.639508843421936,4.7767558097839355,4.827578544616699
2022-01-21 15:17:46.352259,52,7,2.056976795196533,5.603457450866699,5.662911415100098
2022-01-21 15:17:46.463411,53,1,-0.09559667855501175,0.03861842304468155,0.022297680377960205
2022-01-21 15:17:46.463411,53,2,0.07911449670791626,0.0449054017663002,-0.053401265293359756
2022-01-21 15:17:46.463411,53,3,0.3065686821937561,0.94080650806427,0.45721614360809326
2022-01-21 15:17:46.463411,53,4,1.5658077001571655,0.04869488626718521,1.250131368637085
2022-01-21 15:17:46.463411,53,5,1.6811829805374146,1.3864786624908447,2.0454940795898438
2022-01-21 15:17:46.463411,53,6,-1.3768119812011719,4.002405643463135,4.6582770347595215
2022-01-21 15:17:46.463411,53,7,-0.639508843421936,4.794870376586914,4.809587001800537
2022-01-21 15:17:46.463411,53,8,2.056976795196533,5.662929534912109,5.603438854217529
2022-01-21 15:17:46.555914,54,1,-0.09889311343431473,0.03158295527100563,0.018707290291786194
2022-01-21 15:17:46.555914,54,2,0.07911449670791626,0.044916823506355286,-0.05339165776968002
2022-01-21 15:17:46.555914,54,3,0.3065686821937561,0.9343913197517395,0.47018760442733765
2022-01-21 15:17:46.555914,54,4,1.6811829805374146,1.387344241142273,2.0449070930480957
2022-01-21 15:17:46.555914,54,5,-0.639508843421936,4.788599491119385,4.815830707550049
2022-01-21 15:17:46.555914,54,6,2.056976795196533,5.6681036949157715,5.598205089569092
2022-01-21 15:17:46.650705,55,1,-0.09559667855501175,0.03862170875072479,0.022291995584964752
2022-01-21 15:17:46.650705,55,2,0.07911449670791626,0.04489964246749878,-0.05340610817074776
2022-01-21 15:17:46.650705,55,3,0.3065686821937561,0.9340072274208069,0.470950186252594
2022-01-21 15:17:46.650705,55,4,1.5031753778457642,0.7245554327964783,1.1101516485214233
2022-01-21 15:17:46.650705,55,5,1.6811829805374146,1.347680687904358,2.0712618827819824
2022-01-21 15:17:46.650705,55,6,-0.639508843421936,4.707251071929932,4.8953752517700195
2022-01-21 15:17:46.650705,55,7,2.056976795196533,5.577457904815674,5.688520431518555
2022-01-21 15:17:46.769081,56,1,-0.09889311343431473,0.03156764432787895,0.01873311959207058
2022-01-21 15:17:46.769081,56,2,0.07911449670791626,0.04492229223251343,-0.05338705703616142
2022-01-21 15:17:46.769081,56,3,0.2725054919719696,0.9350215792655945,0.4895133376121521
2022-01-21 15:17:46.769081,56,4,1.5658077001571655,0.4627190828323364,1.1623642444610596
2022-01-21 15:17:46.769081,56,5,1.587783932685852,1.4772963523864746,2.0565218925476074
2022-01-21 15:17:46.769081,56,6,-0.639508843421936,4.789873123168945,4.814563751220703
2022-01-21 15:17:46.769081,56,7,2.314098834991455,5.748668193817139,5.412598133087158
2022-01-21 15:17:46.848485,57,1,-0.09559667855501175,0.038627989590168,0.022281106561422348
2022-01-21 15:17:46.848485,57,2,0.07911449670791626,0.044919632375240326,-0.0533892959356308
2022-01-21 15:17:46.848485,57,3,0.2725054919719696,0.9543597102165222,0.45065078139305115
2022-01-21 15:17:46.848485,57,4,1.4768038988113403,0.45700857043266296,1.2196054458618164
2022-01-21 15:17:46.848485,57,5,1.587783932685852,1.6209895610809326,1.9452711343765259
2022-01-21 15:17:46.848485,57,6,-0.639508843421936,4.934706687927246,4.66600227355957
2022-01-21 15:17:46.848485,57,7,2.056976795196533,5.648728847503662,5.617753982543945
2022-01-21 15:17:46.960480,58,1,-0.09559667855501175,0.03862404450774193,0.022287946194410324
2022-01-21 15:17:46.960480,58,2,0.07911449670791626,0.044913891702890396,-0.053394123911857605
2022-01-21 15:17:46.960480,58,3,1.4768038988113403,0.2835199236869812,1.2711848020553589
2022-01-21 15:17:46.960480,58,4,1.587783932685852,1.5249077081680298,2.021470546722412
2022-01-21 15:17:46.960480,58,5,-0.639508843421936,4.960916042327881,4.638126850128174
2022-01-21 15:17:46.960480,58,6,2.056976795196533,5.276297092437744,5.968918323516846
2022-01-21 15:17:47.054773,59,1,-0.09559667855501175,0.03862814977765083,0.022280829027295113
2022-01-21 15:17:47.054773,59,2,0.07911449670791626,0.04490140452980995,-0.05340462550520897
2022-01-21 15:17:47.054773,59,3,1.587783932685852,1.4264907836914062,2.092082977294922
2022-01-21 15:17:47.054773,59,4,-0.639508843421936,4.891086101531982,4.711707592010498
2022-01-21 15:17:47.054773,59,5,2.056976795196533,5.155341625213623,6.07369327545166
2022-01-21 15:17:47.151252,60,1,-0.09559667855501175,0.03862561658024788,0.0222852174192667
2022-01-21 15:17:47.151252,60,2,0.07911449670791626,0.04490659758448601,-0.05340025946497917
2022-01-21 15:17:47.151252,60,3,-0.639508843421936,4.853391647338867,4.750525951385498
2022-01-21 15:17:47.151252,60,4,2.056976795196533,5.15573263168335,6.073361396789551
2022-01-21 15:17:47.263340,61,1,-0.09559667855501175,0.038613274693489075,0.022306594997644424
2022-01-21 15:17:47.263340,61,2,0.07911449670791626,0.04492734372615814,-0.05338280647993088
2022-01-21 15:17:47.263340,61,3,1.5822899341583252,1.1001847982406616,0.8584117293357849
2022-01-21 15:17:47.263340,61,4,-0.8526784777641296,4.865286827087402,4.704657554626465
2022-01-21 15:17:47.263340,61,5,2.056976795196533,5.257730960845947,5.985279083251953
2022-01-21 15:17:47.359658,62,1,-0.09559667855501175,0.03863459452986717,0.02226964943110943
2022-01-21 15:17:47.359658,62,2,0.07911449670791626,0.04493848606944084,-0.05337342619895935
2022-01-21 15:17:47.359658,62,3,-0.8526784777641296,4.8548760414123535,4.715399742126465
2022-01-21 15:17:47.359658,62,4,2.056976795196533,5.264832496643066,5.979033470153809
2022-01-21 15:17:47.455520,63,1,-0.09889311343431473,0.03158145025372505,0.018709830939769745
2022-01-21 15:17:47.455520,63,2,0.07911449670791626,0.04489483684301376,-0.05341014638543129
2022-01-21 15:17:47.455520,63,3,0.4175487160682678,0.4696635901927948,-0.2267097681760788
2022-01-21 15:17:47.455520,63,4,1.5822899341583252,1.1928119659423828,0.7242077589035034
2022-01-21 15:17:47.455520,63,5,1.4943848848342896,1.5068496465682983,2.1045100688934326
2022-01-21 15:17:47.455520,63,6,-0.8526784777641296,4.86383056640625,4.706162929534912
2022-01-21 15:17:47.455520,63,7,2.056976795196533,5.256566047668457,5.986302375793457
2022-01-21 15:17:47.565184,64,1,-0.09559667855501175,0.038620587438344955,0.022293932735919952
2022-01-21 15:17:47.565184,64,2,0.07911449670791626,0.04491009935736656,-0.05339731648564339
2022-01-21 15:17:47.565184,64,3,0.4175487160682678,0.40215855836868286,-0.3320387005805969
2022-01-21 15:17:47.565184,64,4,1.5822899341583252,1.1365500688552856,0.8096487522125244
2022-01-21 15:17:47.565184,64,5,1.4943848848342896,1.390889048576355,2.182884931564331
2022-01-21 15:17:47.565184,64,6,-0.8526784777641296,4.926276683807373,4.640755653381348
2022-01-21 15:17:47.565184,64,7,2.056976795196533,5.351138591766357,5.90191650390625
2022-01-21 15:17:47.661534,65,1,-0.09889311343431473,0.03157869353890419,0.018714483827352524
2022-01-21 15:17:47.661534,65,2,0.07911449670791626,0.044916585087776184,-0.05339185893535614
2022-01-21 15:17:47.661534,65,3,1.4943848848342896,1.4714882373809814,2.129385232925415
2022-01-21 15:17:47.661534,65,4,-1.3768119812011719,4.224599838256836,4.457751750946045
2022-01-21 15:17:47.661534,65,5,-0.8526784777641296,4.960474967956543,4.604183197021484
2022-01-21 15:17:47.661534,65,6,2.056976795196533,5.391714096069336,5.864871501922607
2022-01-21 15:17:47.758583,66,1,-0.09889311343431473,0.0315837562084198,0.01870594546198845
2022-01-21 15:17:47.758583,66,2,0.07911449670791626,0.04491386190056801,-0.053394149988889694
2022-01-21 15:17:47.758583,66,3,1.4943848848342896,1.2810343503952026,2.249113082885742
2022-01-21 15:17:47.758583,66,4,-1.3768119812011719,4.258290767669678,4.42557954788208
2022-01-21 15:17:47.758583,66,5,-0.8526784777641296,4.957767963409424,4.60709810256958
2022-01-21 15:17:47.758583,66,6,2.056976795196533,5.415822982788086,5.842616081237793
2022-01-21 15:17:47.854757,67,1,-0.09889311343431473,0.031578123569488525,0.018715452402830124
2022-01-21 15:17:47.854757,67,2,0.07911449670791626,0.04491519555449486,-0.05339302867650986
2022-01-21 15:17:47.854757,67,3,0.2725054919719696,0.9649900197982788,0.4274142384529114
2022-01-21 15:17:47.854757,67,4,1.4943848848342896,0.7753275632858276,2.469499111175537
2022-01-21 15:17:47.854757,67,5,-0.8526784777641296,4.918522834777832,4.648972988128662
2022-01-21 15:17:47.854757,67,6,2.056976795196533,5.428149223327637,5.8311662673950195
2022-01-21 15:17:47.951255,68,1,-0.09889311343431473,0.03157808259129524,0.018715515732765198
2022-01-21 15:17:47.951255,68,2,0.07911449670791626,0.04492652043700218,-0.05338349938392639
2022-01-21 15:17:47.951255,68,3,0.2725054919719696,0.9515619277954102,0.45652875304222107
2022-01-21 15:17:47.951255,68,4,-0.1021895557641983,0.9734596014022827,-0.47966817021369934
2022-01-21 15:17:47.951255,68,5,1.5031753778457642,0.6418484449386597,1.159934401512146
2022-01-21 15:17:47.951255,68,6,-0.8526784777641296,4.932950973510742,4.633660793304443
2022-01-21 15:17:47.951255,68,7,1.7998547554016113,5.46569299697876,5.880916595458984
2022-01-21 15:17:48.061581,69,1,-0.09559667855501175,0.038624465465545654,0.022287217900156975
2022-01-21 15:17:48.061581,69,2,0.07911449670791626,0.04492105171084404,-0.05338810011744499
2022-01-21 15:17:48.061581,69,3,1.4768038988113403,0.49968674778938293,1.2027499675750732
2022-01-21 15:17:48.061581,69,4,1.4943848848342896,1.1795110702514648,2.3039774894714355
2022-01-21 15:17:48.061581,69,5,-0.639508843421936,5.056772232055664,4.5334272384643555
2022-01-21 15:17:48.061581,69,6,1.7998547554016113,5.346589088439941,5.989404201507568
2022-01-21 15:17:48.162119,70,1,-0.09559667855501175,0.038629643619060516,0.022278238087892532
2022-01-21 15:17:48.162119,70,2,0.07911449670791626,0.04490049183368683,-0.05340539291501045
2022-01-21 15:17:48.162119,70,3,1.4768038988113403,0.521547794342041,1.1934329271316528
2022-01-21 15:17:48.162119,70,4,1.587783932685852,1.5087624788284302,2.0335493087768555
2022-01-21 15:17:48.162119,70,5,-0.639508843421936,5.037709712982178,4.554601192474365
2022-01-21 15:17:48.162119,70,6,2.056976795196533,5.446370601654053,5.814150810241699
2022-01-21 15:17:48.257839,71,1,-0.09889311343431473,0.031583208590745926,0.01870686374604702
2022-01-21 15:17:48.257839,71,2,0.07911449670791626,0.04493207857012749,-0.05337882041931152
2022-01-21 15:17:48.257839,71,3,0.2725054919719696,0.9907677173614502,0.36368659138679504
2022-01-21 15:17:48.257839,71,4,1.415270447731018,0.3707413375377655,1.3178787231445312
2022-01-21 15:17:48.257839,71,5,1.587783932685852,1.5911649465560913,1.9697413444519043
2022-01-21 15:17:48.257839,71,6,-0.8526784777641296,4.883839130401611,4.68539571762085
2022-01-21 15:17:48.257839,71,7,2.056976795196533,5.7853779792785645,5.476924419403076
2022-01-21 15:17:48.352576,72,1,-0.09889311343431473,0.031573884189128876,0.018722595646977425
2022-01-21 15:17:48.352576,72,2,0.07911449670791626,0.0449199452996254,-0.05338903144001961
2022-01-21 15:17:48.352576,72,3,0.04175487160682678,0.4122998118400574,-0.5240167379379272
2022-01-21 15:17:48.352576,72,4,0.2725054919719696,0.969821572303772,0.41633492708206177
2022-01-21 15:17:48.352576,72,5,1.587783932685852,1.5419113636016846,2.008530855178833
2022-01-21 15:17:48.352576,72,6,-0.8526784777641296,4.985522747039795,4.577049255371094
2022-01-21 15:17:48.352576,72,7,2.056976795196533,5.825254440307617,5.434492588043213
2022-01-21 15:17:48.463391,73,1,-0.09559667855501175,0.038628242909908295,0.02228066511452198
2022-01-21 15:17:48.463391,73,2,0.07911449670791626,0.04491538554430008,-0.05339286848902702
2022-01-21 15:17:48.463391,73,3,1.5383373498916626,0.13204419612884521,1.2220174074172974
2022-01-21 15:17:48.463391,73,4,1.587783932685852,1.5070611238479614,2.0348105430603027
2022-01-21 15:17:48.463391,73,5,-0.8526784777641296,4.981931209564209,4.580958366394043
2022-01-21 15:17:48.463391,73,6,2.056976795196533,5.467287063598633,5.7944865226745605
2022-01-21 15:17:48.550950,74,1,-0.09559667855501175,0.03862076997756958,0.022293617948889732
2022-01-21 15:17:48.550950,74,2,0.07911449670791626,0.04490124061703682,-0.05340476334095001
2022-01-21 15:17:48.550950,74,3,1.587783932685852,1.2721755504608154,2.1893506050109863
2022-01-21 15:17:48.550950,74,4,-0.8526784777641296,4.914759159088135,4.652951717376709
2022-01-21 15:17:48.550950,74,5,2.056976795196533,5.453988075256348,5.807005405426025
2022-01-21 15:17:48.655035,75,1,-0.09559667855501175,0.03862546756863594,0.02228548191487789
2022-01-21 15:17:48.655035,75,2,0.07911449670791626,0.044914547353982925,-0.05339357256889343
2022-01-21 15:17:48.655035,75,3,1.5658077001571655,0.4947357773780823,1.1491023302078247
2022-01-21 15:17:48.655035,75,4,1.4943848848342896,1.002609133720398,2.3862802982330322
2022-01-21 15:17:48.655035,75,5,-1.5734994411468506,3.984203577041626,4.611358642578125
2022-01-21 15:17:48.655035,75,6,-0.8526784777641296,4.982656955718994,4.580168724060059
2022-01-21 15:17:48.655035,75,7,2.056976795196533,5.424807071685791,5.834275245666504
2022-01-21 15:17:48.751793,76,1,-0.09889311343431473,0.031572356820106506,0.01872517354786396
2022-01-21 15:17:48.751793,76,2,0.07911449670791626,0.04493977129459381,-0.0533723458647728
2022-01-21 15:17:48.751793,76,3,1.5031753778457642,0.7504673004150391,1.0928019285202026
2022-01-21 15:17:48.751793,76,4,1.4943848848342896,0.7670212984085083,2.4720916748046875
2022-01-21 15:17:48.751793,76,5,-1.3768119812011719,4.105443477630615,4.567727088928223
2022-01-21 15:17:48.751793,76,6,-0.8526784777641296,4.9758830070495605,4.587527275085449
2022-01-21 15:17:48.751793,76,7,2.056976795196533,5.458889007568359,5.802398681640625
2022-01-21 15:17:48.861659,77,1,-0.09559667855501175,0.03861816227436066,0.022298133000731468
2022-01-21 15:17:48.861659,77,2,0.07911449670791626,0.044955432415008545,-0.05335915461182594
2022-01-21 15:17:48.861659,77,3,1.587783932685852,1.2987178564071655,2.173710823059082
2022-01-21 15:17:48.861659,77,4,-0.639508843421936,5.002119541168213,4.593659400939941
2022-01-21 15:17:48.861659,77,5,2.056976795196533,5.37912130355835,5.8764238357543945
2022-01-21 15:17:48.958516,78,1,-0.09559667855501175,0.03862544894218445,0.02228550612926483
2022-01-21 15:17:48.958516,78,2,0.07911449670791626,0.04493182897567749,-0.053379032760858536
2022-01-21 15:17:48.958516,78,3,1.587783932685852,1.2272964715957642,2.214820623397827
2022-01-21 15:17:48.958516,78,4,-0.639508843421936,5.025701522827148,4.567847728729248
2022-01-21 15:17:48.958516,78,5,2.056976795196533,5.381946563720703,5.873836040496826
2022-01-21 15:17:49.055402,79,1,-0.09889311343431473,0.03158466890454292,0.018704399466514587
2022-01-21 15:17:49.055402,79,2,0.07911449670791626,0.04491917043924332,-0.05338968336582184
2022-01-21 15:17:49.055402,79,3,1.4943848848342896,1.1054364442825317,2.340420722961426
2022-01-21 15:17:49.055402,79,4,-1.3768119812011719,4.166566371917725,4.5120415687561035
2022-01-21 15:17:49.055402,79,5,-0.8526784777641296,4.885817050933838,4.683332920074463
2022-01-21 15:17:49.055402,79,6,2.056976795196533,5.399870872497559,5.857362747192383
2022-01-21 15:17:49.151071,80,1,-0.09559667855501175,0.038625482469797134,0.022285455837845802
2022-01-21 15:17:49.151071,80,2,0.07911449670791626,0.04489971697330475,-0.05340604484081268
2022-01-21 15:17:49.151071,80,3,1.176828145980835,0.6291202306747437,1.1979446411132812
2022-01-21 15:17:49.151071,80,4,1.4943848848342896,1.0186494588851929,2.3794772624969482
2022-01-21 15:17:49.151071,80,5,-1.3768119812011719,4.0574798583984375,4.610385417938232
2022-01-21 15:17:49.151071,80,6,-0.639508843421936,5.009425640106201,4.585691452026367
2022-01-21 15:17:49.151071,80,7,2.056976795196533,5.277862548828125,5.96753454208374
2022-01-21 15:17:49.250471,81,1,-0.09559667855501175,0.03863457962870598,0.022269675508141518
2022-01-21 15:17:49.250471,81,2,0.07911449670791626,0.04492132365703583,-0.053387872874736786
2022-01-21 15:17:49.250471,81,3,-1.3768119812011719,3.926882028579712,4.7221174240112305
2022-01-21 15:17:49.250471,81,4,-0.639508843421936,5.019867897033691,4.574257850646973
2022-01-21 15:17:49.250471,81,5,2.056976795196533,5.326857089996338,5.9238409996032715
2022-01-21 15:17:49.362625,82,1,-0.09559667855501175,0.038625553250312805,0.022285331040620804
2022-01-21 15:17:49.362625,82,2,0.07911449670791626,0.04491269588470459,-0.05339512974023819
2022-01-21 15:17:49.362625,82,3,1.4405430555343628,0.8672177195549011,1.0907440185546875
2022-01-21 15:17:49.362625,82,4,1.587783932685852,0.5087501406669617,2.4804959297180176
2022-01-21 15:17:49.362625,82,5,-1.3768119812011719,4.0923542976379395,4.579457759857178
2022-01-21 15:17:49.362625,82,6,-0.639508843421936,5.057242393493652,4.53290319442749
2022-01-21 15:17:49.362625,82,7,2.056976795196533,5.5270819664001465,5.737479209899902
2022-01-21 15:17:49.458598,83,1,-0.09559667855501175,0.03861651569604874,0.02230098657310009
2022-01-21 15:17:49.458598,83,2,0.07911449670791626,0.04489464685320854,-0.053410306572914124
2022-01-21 15:17:49.458598,83,3,1.5383373498916626,0.656671404838562,1.0390114784240723
2022-01-21 15:17:49.458598,83,4,-1.3768119812011719,4.349428653717041,4.336042881011963
2022-01-21 15:17:49.458598,83,5,-0.639508843421936,5.029997825622559,4.563116550445557
2022-01-21 15:17:49.458598,83,6,1.7998547554016113,5.287328243255615,6.041782379150391
2022-01-21 15:17:49.558031,84,1,-0.09889311343431473,0.03157573565840721,0.018719475716352463
2022-01-21 15:17:49.558031,84,2,0.07911449670791626,0.04493199288845062,-0.05337889492511749
2022-01-21 15:17:49.558031,84,3,1.6811829805374146,1.3084115982055664,2.0962891578674316
2022-01-21 15:17:49.558031,84,4,-1.3768119812011719,4.475032806396484,4.206290245056152
2022-01-21 15:17:49.558031,84,5,-0.639508843421936,4.98775053024292,4.609257698059082
2022-01-21 15:17:49.558031,84,6,1.7998547554016113,5.251181125640869,6.073225975036621
2022-01-21 15:17:49.653148,85,1,-0.09559667855501175,0.038627784699201584,0.022281458601355553
2022-01-21 15:17:49.653148,85,2,0.07911449670791626,0.04491179808974266,-0.05339588597416878
2022-01-21 15:17:49.653148,85,3,1.4910883903503418,1.173341989517212,0.8388767242431641
2022-01-21 15:17:49.653148,85,4,1.6811829805374146,0.8793485760688782,2.309353828430176
2022-01-21 15:17:49.653148,85,5,-1.3768119812011719,4.181675434112549,4.498042583465576
2022-01-21 15:17:49.653148,85,6,-0.639508843421936,5.06097936630249,4.528730392456055
2022-01-21 15:17:49.653148,85,7,1.536139726638794,5.298253059387207,6.057215213775635
2022-01-21 15:17:49.763081,86,1,-0.09559667855501175,0.03862834349274635,0.022280490025877953
2022-01-21 15:17:49.763081,86,2,0.07911449670791626,0.04491555318236351,-0.05339272692799568
2022-01-21 15:17:49.763081,86,3,0.18460048735141754,1.7426916360855103,0.8978822231292725
2022-01-21 15:17:49.763081,86,4,1.5559183359146118,1.1232848167419434,0.7881239652633667
2022-01-21 15:17:49.763081,86,5,1.3845036029815674,1.650705099105835,2.020426034927368
2022-01-21 15:17:49.763081,86,6,-1.3768119812011719,3.974252462387085,4.682319164276123
2022-01-21 15:17:49.763081,86,7,0.29448172450065613,7.2105793952941895,6.059833526611328
2022-01-21 15:17:49.858374,87,1,-0.09559667855501175,0.038625311106443405,0.022285746410489082
2022-01-21 15:17:49.858374,87,2,0.07911449670791626,0.044938474893569946,-0.053373437374830246
2022-01-21 15:17:49.858374,87,3,0.18460048735141754,1.7661434412002563,0.8508254885673523
2022-01-21 15:17:49.858374,87,4,1.5559183359146118,0.9988422989845276,0.9408624768257141
2022-01-21 15:17:49.858374,87,5,1.587783932685852,1.695213794708252,1.8809404373168945
2022-01-21 15:17:49.858374,87,6,-1.3768119812011719,3.9048006534576416,4.740393161773682
2022-01-21 15:17:49.858374,87,7,0.29448172450065613,7.1576433181762695,6.122269153594971
2022-01-21 15:17:49.952753,88,1,-0.09889311343431473,0.03156131133437157,0.018743783235549927
2022-01-21 15:17:49.952753,88,2,0.07911449670791626,0.04495074599981308,-0.05336310341954231
2022-01-21 15:17:49.952753,88,3,1.4768038988113403,0.5301644802093506,1.189630150794983
2022-01-21 15:17:49.952753,88,4,0.18460048735141754,1.6487714052200317,1.0605279207229614
2022-01-21 15:17:49.952753,88,5,1.5559183359146118,1.1587203741073608,0.735034167766571
2022-01-21 15:17:49.952753,88,6,1.4768038988113403,1.4860259294509888,2.0819644927978516
2022-01-21 15:17:49.952753,88,7,-1.3768119812011719,4.032999038696289,4.631815433502197
2022-01-21 15:17:49.952753,88,8,0.5889634490013123,7.0464324951171875,6.229097843170166
2022-01-21 15:17:50.049471,89,1,-0.09559667855501175,0.03863487020134926,0.022269172593951225
2022-01-21 15:17:50.049471,89,2,0.07911449670791626,0.04490647837519646,-0.05340036004781723
2022-01-21 15:17:50.049471,89,3,1.5383373498916626,0.7273906469345093,0.9907901287078857
2022-01-21 15:17:50.049471,89,4,1.529546856880188,1.1282105445861816,0.7394340634346008
2022-01-21 15:17:50.049471,89,5,1.5691041946411133,1.026414394378662,2.282144784927368
2022-01-21 15:17:50.049471,89,6,-1.3768119812011719,3.9713776111602783,4.684757709503174
2022-01-21 15:17:50.049471,89,7,1.536139726638794,5.060410976409912,6.257282733917236
2022-01-21 15:17:50.049471,89,8,0.29448172450065613,7.126039505004883,6.1590256690979
2022-01-21 15:17:50.159226,90,1,-0.09559667855501175,0.038627199828624725,0.022282475605607033
2022-01-21 15:17:50.159226,90,2,0.07911449670791626,0.04493424668908119,-0.053376998752355576
2022-01-21 15:17:50.159226,90,3,1.5383373498916626,0.7714319229125977,0.9568986296653748
2022-01-21 15:17:50.159226,90,4,0.2461339831352234,1.7165181636810303,0.9328598380088806
2022-01-21 15:17:50.159226,90,5,1.6207482814788818,0.7186217904090881,1.077287197113037
2022-01-21 15:17:50.159226,90,6,1.6811829805374146,1.4533789157867432,1.998514175415039
2022-01-21 15:17:50.159226,90,7,-1.3768119812011719,4.110837459564209,4.562873363494873
2022-01-21 15:17:50.253791,91,1,-0.09559667855501175,0.038606081157922745,0.022319044917821884
2022-01-21 15:17:50.253791,91,2,0.07911449670791626,0.04493159055709839,-0.05337923392653465
2022-01-21 15:17:50.253791,91,3,0.2725054919719696,0.9709270596504211,0.4137502908706665
2022-01-21 15:17:50.253791,91,4,1.587783932685852,1.8617061376571655,1.7163150310516357
2022-01-21 15:17:50.253791,91,5,-1.3768119812011719,4.073419094085693,4.596308708190918
2022-01-21 15:17:50.352052,92,1,-0.09559667855501175,0.0386185422539711,0.022297479212284088
2022-01-21 15:17:50.352052,92,2,0.07911449670791626,0.04491967707872391,-0.053389258682727814
2022-01-21 15:17:50.352052,92,3,0.2384423017501831,1.0230447053909302,0.29098600149154663
2022-01-21 15:17:50.352052,92,4,1.5383373498916626,0.2259167581796646,1.2081903219223022
2022-01-21 15:17:50.352052,92,5,1.6064637899398804,1.972862958908081,1.634395718574524
2022-01-21 15:17:50.352052,92,6,-1.3768119812011719,4.373943328857422,4.311312198638916
2022-01-21 15:17:50.463244,93,1,-0.09559667855501175,0.03863201290369034,0.02227412723004818
2022-01-21 15:17:50.463244,93,2,0.07911449670791626,0.04492940753698349,-0.053381070494651794
2022-01-21 15:17:50.463244,93,3,0.2812959849834442,1.0247185230255127,0.36995047330856323
2022-01-21 15:17:50.463244,93,4,1.6064637899398804,2.029632091522217,1.5633395910263062
2022-01-21 15:17:50.463244,93,5,-1.5734994411468506,3.7852578163146973,4.7760162353515625
2022-01-21 15:17:50.463244,93,6,0.29448172450065613,7.058814525604248,6.235958099365234
2022-01-21 15:17:50.557734,94,1,-0.09559667855501175,0.038621895015239716,0.022291669622063637
2022-01-21 15:17:50.557734,94,2,0.07911449670791626,0.04491652175784111,-0.05339191108942032
2022-01-21 15:17:50.557734,94,3,1.628440022468567,0.24324077367782593,1.142790675163269
2022-01-21 15:17:50.557734,94,4,1.587783932685852,1.7422058582305908,1.8374998569488525
2022-01-21 15:17:50.557734,94,5,-1.3768119812011719,3.978872060775757,4.678394317626953
2022-01-21 15:17:50.557734,94,6,0.29448172450065613,7.016385078430176,6.2836594581604
2022-01-21 15:17:50.650198,95,1,-0.09559667855501175,0.038616035133600235,0.022301817312836647
2022-01-21 15:17:50.650198,95,2,0.07911449670791626,0.044918499886989594,-0.053390249609947205
2022-01-21 15:17:50.650198,95,3,0.2461339831352234,1.0196571350097656,0.4071319103240967
2022-01-21 15:17:50.650198,95,4,1.5658077001571655,0.6620016098022461,1.0615806579589844
2022-01-21 15:17:50.650198,95,5,1.587783932685852,1.6757147312164307,1.8983327150344849
2022-01-21 15:17:50.650198,95,6,-1.5734994411468506,3.9434163570404053,4.6462860107421875
2022-01-21 15:17:50.650198,95,7,-0.8526784777641296,5.085973739624023,4.465163707733154
2022-01-21 15:17:50.761428,96,1,-0.09559667855501175,0.03862959146499634,0.022278327494859695
2022-01-21 15:17:50.761428,96,2,0.07911449670791626,0.04487822949886322,-0.05342410132288933
2022-01-21 15:17:50.761428,96,3,-0.2856912314891815,0.16462719440460205,-0.6211480498313904
2022-01-21 15:17:50.761428,96,4,0.25382566452026367,1.0860575437545776,0.3200846016407013
2022-01-21 15:17:50.761428,96,5,1.4768038988113403,0.4533390998840332,1.2209742069244385
2022-01-21 15:17:50.761428,96,6,-1.5734994411468506,4.01256799697876,4.58669900894165
2022-01-21 15:17:50.761428,96,7,-0.639508843421936,5.33155632019043,4.206830024719238
2022-01-21 15:17:50.761428,96,8,0.29448172450065613,7.215192794799805,6.054339408874512
2022-01-21 15:17:50.857181,97,1,-0.09559667855501175,0.038623128086328506,0.02228953130543232
2022-01-21 15:17:50.857181,97,2,0.07911449670791626,0.04491615295410156,-0.05339222401380539
2022-01-21 15:17:50.857181,97,3,0.2461339831352234,1.0160362720489502,0.4160855710506439
2022-01-21 15:17:50.857181,97,4,1.5658077001571655,0.7875193357467651,0.9721177220344543
2022-01-21 15:17:50.857181,97,5,-1.3768119812011719,3.9033963680267334,4.741549491882324
2022-01-21 15:17:50.857181,97,6,-0.639508843421936,5.284605503082275,4.265659809112549
2022-01-21 15:17:50.857181,97,7,0.29448172450065613,7.0460638999938965,6.250361442565918
2022-01-21 15:17:50.953194,98,1,-0.09559667855501175,0.038603078573942184,0.02232423797249794
2022-01-21 15:17:50.953194,98,2,0.07911449670791626,0.04490351676940918,-0.0534028522670269
2022-01-21 15:17:50.953194,98,3,0.2461339831352234,1.0213305950164795,0.40291541814804077
2022-01-21 15:17:50.953194,98,4,1.5658077001571655,0.33534401655197144,1.2052983045578003
2022-01-21 15:17:50.953194,98,5,1.6064637899398804,1.9970086812973022,1.6048033237457275
2022-01-21 15:17:50.953194,98,6,-1.5734994411468506,3.7326717376708984,4.817226409912109
2022-01-21 15:17:50.953194,98,7,-0.639508843421936,5.2973480224609375,4.2498250007629395
2022-01-21 15:17:51.064619,99,1,-0.09559667855501175,0.03861689940094948,0.022300319746136665
2022-01-21 15:17:51.064619,99,2,0.07911449670791626,0.04492400959134102,-0.05338561162352562
2022-01-21 15:17:51.064619,99,3,0.2461339831352234,1.0506980419158936,0.31857573986053467
2022-01-21 15:17:51.064619,99,4,1.5383373498916626,0.49133455753326416,1.1266554594039917
2022-01-21 15:17:51.064619,99,5,1.6064637899398804,2.0094821453094482,1.5891568660736084
2022-01-21 15:17:51.064619,99,6,-1.5734994411468506,4.142678737640381,4.469532489776611
2022-01-21 15:17:51.160118,100,1,-0.09559667855501175,0.03862050175666809,0.02229408361017704
2022-01-21 15:17:51.160118,100,2,0.07911449670791626,0.04491008073091507,-0.05339733138680458
2022-01-21 15:17:51.160118,100,3,0.2384423017501831,1.0051261186599731,0.3478717803955078
2022-01-21 15:17:51.160118,100,4,1.628440022468567,0.5419135689735413,1.0351165533065796
2022-01-21 15:17:51.160118,100,5,1.6064637899398804,1.976678729057312,1.6297787427902222
2022-01-21 15:17:51.160118,100,6,-1.5734994411468506,4.228184700012207,4.388731479644775
2022-01-21 15:17:51.249757,101,1,-0.09559667855501175,0.03862457349896431,0.022287027910351753
2022-01-21 15:17:51.249757,101,2,0.07911449670791626,0.044913340359926224,-0.05339458957314491
2022-01-21 15:17:51.249757,101,3,0.2725054919719696,0.9593413472175598,0.43994638323783875
2022-01-21 15:17:51.249757,101,4,1.415270447731018,0.5690904855728149,1.24514639377594
2022-01-21 15:17:51.249757,101,5,1.587783932685852,1.85542893409729,1.7230989933013916
2022-01-21 15:17:51.249757,101,6,-1.5734994411468506,4.119137763977051,4.491237163543701
2022-01-21 15:17:51.365060,102,1,-0.09559667855501175,0.03862203285098076,0.022291429340839386
2022-01-21 15:17:51.365060,102,2,0.07911449670791626,0.04488810524344444,-0.05341580510139465
2022-01-21 15:17:51.365060,102,3,0.2384423017501831,0.9890555143356323,0.39123186469078064
2022-01-21 15:17:51.365060,102,4,1.5383373498916626,0.7268186807632446,0.9912098050117493
2022-01-21 15:17:51.365060,102,5,-1.3009939193725586,1.2681539058685303,1.8626705408096313
2022-01-21 15:17:51.365060,102,6,1.6064637899398804,1.9580748081207275,1.6520836353302002
2022-01-21 15:17:51.365060,102,7,-1.3768119812011719,4.326223373413086,4.359195709228516
2022-01-21 15:17:51.365060,102,8,-0.8526784777641296,4.95250129699707,4.612759113311768
